AC	AN	DP	AF	FUNCOTATION
1	2	4	0.500	[BRCA2|hg38|chr13|32326463|32326463|INTRON||SNP|T|T|C|g.chr13:32326463T>C|ENST00000380152.8|+|||c.e7-36T>C|||0.3516209476309227|GATCAGGGCATTTCTATAAAA|BRCA2_ENST00000544455.6_INTRON|YES|AD||Breast-ovarian_%20_cancer_-__%20_familial_%20_2_%20_(MIM_%20_612555)||||||||||||||||||||||||false||]
1	2	8	0.500	[BRCA2|hg38|chr13|32331081|32331081|INTRON||SNP|G|G|C|g.chr13:32331081G>C|ENST00000380152.8|+|||c.e9+51G>C|||0.39900249376558605|TTGTTGTTTTGATTTTTTTTT|BRCA2_ENST00000544455.6_INTRON|YES|AD||Breast-ovarian_%20_cancer_-__%20_familial_%20_2_%20_(MIM_%20_612555)||||||||||||||||||||||||false||]
1	2	129	0.500	[BRCA2|hg38|chr13|32362464|32362464|INTRON||SNP|T|T|G|g.chr13:32362464T>G|ENST00000380152.8|+|||c.e17-59T>G|||0.3541147132169576|GTTGTAGTTGTTGAATTCAGT|BRCA2_ENST00000544455.6_INTRON|YES|AD||Breast-ovarian_%20_cancer_-__%20_familial_%20_2_%20_(MIM_%20_612555)||||||||||||||||||||||||false||]
1	2	129	0.500	[BRCA2|hg38|chr13|32362509|32362509|INTRON||SNP|T|T|C|g.chr13:32362509T>C|ENST00000380152.8|+|||c.e17-14T>C|||0.33665835411471323|AATATTCTACTTTTATTTGTT|BRCA2_ENST00000544455.6_INTRON|YES|AD||Breast-ovarian_%20_cancer_-__%20_familial_%20_2_%20_(MIM_%20_612555)||||||||||||||||||||||||false||]
1	2	16	0.500	[BRCA2|hg38|chr13|32362715|32362715|INTRON||SNP|A|A|T|g.chr13:32362715A>T|ENST00000380152.8|+|||c.e17+22A>T|||0.4339152119700748|GCATTACATTACGTAATCATA|BRCA2_ENST00000544455.6_INTRON|YES|AD||Breast-ovarian_%20_cancer_-__%20_familial_%20_2_%20_(MIM_%20_612555)||||||||||||||||||||||||false||]
2	2	2	1.00	[BRCA2|hg38|chr13|32363586|32363586|INTRON||SNP|T|T|G|g.chr13:32363586T>G|ENST00000380152.8|+|||c.e18+53T>G|||0.34663341645885287|AGTTAAATTCTAGAAGTTTTA|BRCA2_ENST00000544455.6_INTRON|YES|AD||Breast-ovarian_%20_cancer_-__%20_familial_%20_2_%20_(MIM_%20_612555)||||||||||||||||||||||||false||]
2	2	2	1.00	[BRCA2|hg38|chr13|32363592|32363592|INTRON||SNP|T|T|A|g.chr13:32363592T>A|ENST00000380152.8|+|||c.e18+59T>A|||0.34413965087281795|ATTCTAGAAGTTTTACATTTA|BRCA2_ENST00000544455.6_INTRON|YES|AD||Breast-ovarian_%20_cancer_-__%20_familial_%20_2_%20_(MIM_%20_612555)||||||||||||||||||||||||false||]
2	2	2	1.00	[BRCA2|hg38|chr13|32363593|32363593|INTRON||SNP|T|T|A|g.chr13:32363593T>A|ENST00000380152.8|+|||c.e18+60T>A|||0.341645885286783|TTCTAGAAGTTTTACATTTAA|BRCA2_ENST00000544455.6_INTRON|YES|AD||Breast-ovarian_%20_cancer_-__%20_familial_%20_2_%20_(MIM_%20_612555)||||||||||||||||||||||||false||]
2	2	2	1.00	[BRCA2|hg38|chr13|32363594|32363594|INTRON||SNP|T|T|G|g.chr13:32363594T>G|ENST00000380152.8|+|||c.e18+61T>G|||0.33915211970074816|TCTAGAAGTTTTACATTTAAA|BRCA2_ENST00000544455.6_INTRON|YES|AD||Breast-ovarian_%20_cancer_-__%20_familial_%20_2_%20_(MIM_%20_612555)||||||||||||||||||||||||false||]
1	2	85	0.500	[BRCA2|hg38|chr13|32397009|32397009|MISSENSE||SNP|G|G|T|g.chr13:32397009G>T|ENST00000380152.8|+|26|9812|c.9613G>T|c.(9613-9615)Gct>Tct|p.A3205S|0.32418952618453867|GCCGTACACTGCTCAAATCAT|BRCA2_ENST00000544455.6_MISSENSE_p.A3205S|YES|AD||Breast-ovarian_%20_cancer_-__%20_familial_%20_2_%20_(MIM_%20_612555)||||||||||||||||||||||||false||]
1	2	85	0.500	[BRCA2|hg38|chr13|32397012|32397012|NONSENSE||SNP|C|C|T|g.chr13:32397012C>T|ENST00000380152.8|+|26|9815|c.9616C>T|c.(9616-9618)Caa>Taa|p.Q3206*|0.32418952618453867|GTACACTGCTCAAATCATTCC|BRCA2_ENST00000544455.6_NONSENSE_p.Q3206*|YES|AD||Breast-ovarian_%20_cancer_-__%20_familial_%20_2_%20_(MIM_%20_612555)||||||||||||||||||||||||false||]
1	2	28	0.500	[BRCA2|hg38|chr13|32398790|32398790|THREE_PRIME_UTR||SNP|T|T|A|g.chr13:32398790T>A|ENST00000380152.8|+|27|||||0.3541147132169576|AAGGCGACAATAAATTATTGA|BRCA2_ENST00000544455.6_THREE_PRIME_UTR|YES|AD||Breast-ovarian_%20_cancer_-__%20_familial_%20_2_%20_(MIM_%20_612555)||||||||||||||||||||||||false||]
1	2	28	0.500	[BRCA2|hg38|chr13|32398791|32398791|THREE_PRIME_UTR||SNP|A|A|C|g.chr13:32398791A>C|ENST00000380152.8|+|27|||||0.3541147132169576|AGGCGACAATAAATTATTGAC|BRCA2_ENST00000544455.6_THREE_PRIME_UTR|YES|AD||Breast-ovarian_%20_cancer_-__%20_familial_%20_2_%20_(MIM_%20_612555)||||||||||||||||||||||||false||]
1	2	6	0.500	[BRCA1|hg38|chr17|43082624|43082624|INTRON||SNP|T|T|G|g.chr17:43082624T>G|ENST00000357654.9|-|||c.e12+49A>C|||0.3790523690773067|TTTGAGAAGCTTTCCATTAAA|BRCA1_ENST00000471181.7_INTRON/BRCA1_ENST00000493795.5_INTRON/BRCA1_ENST00000352993.7_INTRON/BRCA1_ENST00000468300.5_INTRON/BRCA1_ENST00000484087.6_INTRON/BRCA1_ENST00000491747.6_INTRON/BRCA1_ENST00000700182.1_INTRON/BRCA1_ENST00000591534.5_INTRON/BRCA1_ENST00000586385.5_INTRON/BRCA1_ENST00000591849.5_INTRON|YES|AD||Breast-ovarian_%20_cancer_-__%20_familial_%20_1_%20_(MIM_%20_604370)||||||||||||||||||||||||false||]
1	2	9	0.500	[BRCA1|hg38|chr17|43092152|43092152|MISSENSE||SNP|A|A|G|g.chr17:43092152A>G|ENST00000357654.9|-|10|3492|c.3379T>C|c.(3379-3381)Tat>Cat|p.Y1127H|0.38154613466334164|GAAATCAGATATGGAGAGAAA|BRCA1_ENST00000471181.7_MISSENSE_p.Y1127H/BRCA1_ENST00000493795.5_MISSENSE_p.Y1080H/BRCA1_ENST00000354071.7_MISSENSE_p.Y1127H/BRCA1_ENST00000352993.7_INTRON/BRCA1_ENST00000468300.5_INTRON/BRCA1_ENST00000484087.6_INTRON/BRCA1_ENST00000491747.6_INTRON/BRCA1_ENST00000700182.1_INTRON/BRCA1_ENST00000591534.5_INTRON/BRCA1_ENST00000586385.5_INTRON/BRCA1_ENST00000591849.5_INTRON|YES|AD||Breast-ovarian_%20_cancer_-__%20_familial_%20_1_%20_(MIM_%20_604370)||||||||||||||||||||||||false||]
2	2	20	1.00	[BRCA1|hg38|chr17|43092192|43092192|NONSENSE||SNP|A|A|T|g.chr17:43092192A>T|ENST00000357654.9|-|10|3452|c.3339T>A|c.(3337-3339)taT>taA|p.Y1113*|0.3690773067331671|CTACTTCTTCATATTCTTGCT|BRCA1_ENST00000471181.7_NONSENSE_p.Y1113*/BRCA1_ENST00000493795.5_NONSENSE_p.Y1066*/BRCA1_ENST00000354071.7_NONSENSE_p.Y1113*/BRCA1_ENST00000352993.7_INTRON/BRCA1_ENST00000468300.5_INTRON/BRCA1_ENST00000484087.6_INTRON/BRCA1_ENST00000491747.6_INTRON/BRCA1_ENST00000700182.1_INTRON/BRCA1_ENST00000591534.5_INTRON/BRCA1_ENST00000586385.5_INTRON/BRCA1_ENST00000591849.5_INTRON|YES|AD||Breast-ovarian_%20_cancer_-__%20_familial_%20_1_%20_(MIM_%20_604370)||||||||||||||||||||||||false||]
1	2	12	0.500	[BRCA1|hg38|chr17|43094235|43094235|SILENT||SNP|C|C|T|g.chr17:43094235C>T|ENST00000357654.9|-|10|1409|c.1296G>A|c.(1294-1296)ctG>ctA|p.L432L|0.3865336658354115|GATCACTGGCCAGTAAGTCTA|BRCA1_ENST00000471181.7_SILENT_p.L432L/BRCA1_ENST00000493795.5_SILENT_p.L385L/BRCA1_ENST00000354071.7_SILENT_p.L432L/BRCA1_ENST00000352993.7_INTRON/BRCA1_ENST00000468300.5_INTRON/BRCA1_ENST00000484087.6_INTRON/BRCA1_ENST00000491747.6_INTRON/BRCA1_ENST00000700182.1_INTRON/BRCA1_ENST00000591534.5_INTRON/BRCA1_ENST00000586385.5_INTRON/BRCA1_ENST00000591849.5_INTRON|YES|AD||Breast-ovarian_%20_cancer_-__%20_familial_%20_1_%20_(MIM_%20_604370)||||||||||||||||||||||||false||]
2	2	147	1.00	[NBR1|hg38|chr17|43168207|43168207|FIVE_PRIME_FLANK||SNP|G|G|T|g.chr17:43168207G>T|ENST00000341165.10|+||||||0.3491271820448878|ATAGCATTAAGGACATTTTGT|NBR1_ENST00000542611.5_FIVE_PRIME_FLANK/NBR1_ENST00000589872.1_FIVE_PRIME_FLANK/NBR1_ENST00000590996.6_FIVE_PRIME_FLANK/ENSG00000267002_ENST00000642336.1_RNA/ENSG00000267002_ENST00000635600.1_RNA/BRCA1P1_ENST00000589464.1_RNA||||||||||||||||||||||||||||false||]
2	2	3	1.00	[NBR1|hg38|chr17|43168330|43168330|FIVE_PRIME_FLANK||SNP|T|T|C|g.chr17:43168330T>C|ENST00000341165.10|+||||||0.4089775561097257|CAACTTCATTTTATCATTTTA|NBR1_ENST00000542611.5_FIVE_PRIME_FLANK/NBR1_ENST00000589872.1_FIVE_PRIME_FLANK/NBR1_ENST00000590996.6_FIVE_PRIME_FLANK/ENSG00000267002_ENST00000642336.1_RNA/ENSG00000267002_ENST00000635600.1_RNA/BRCA1P1_ENST00000589464.1_FIVE_PRIME_FLANK||||||||||||||||||||||||||||false||]
